Name,Description(short_description),Version / Baseline,Directorate,Status,Access Type,Geo Restriction,Product Types,Heritage,Constellations,Landing Page URL,Dissemination mode,Data Policy URL,Creation year,Publication Year,File Format,Owned by,Deputy Owner,Collection,Dataset,Campaign,EarthOnline page requested,Authors,Creators,Publisher,Language
GR_DNSxACC_2_,Thermosphere mass density at the GRACE satellite locations,0,D/EOP,Available,External Data,World Wide,"GR_DNS1ACC_2_, GR_DNS2ACC_2_",No,Swarm,https://swarmhandbook.earth.esa.int/catalogue/GR_DNSxACC_2_,Swarm Mission Specific Service,https://earth.esa.int/eogateway/documents/20142/1564626/Terms-and-Conditions-for-the-use-of-ESA-Data.pdf,2022,2022,,Antonio de la Fuente,,TRUE,TRUE,FALSE,FALSE,Delft University of Technology,European Space Agency,European Space Agency,en
SW_DNSxACC_2_,Thermospheric density,0,D/EOP,Available,External Data,World Wide,"SW_DNSAACC_2_, SW_DNSBACC_2_, SW_DNSCACC_2_",No,Swarm,https://swarmhandbook.earth.esa.int/catalogue/SW_DNSxACC_2_,Swarm Mission Specific Service,https://earth.esa.int/eogateway/documents/20142/1564626/Terms-and-Conditions-for-the-use-of-ESA-Data.pdf,2018,2018,,Antonio de la Fuente,,TRUE,TRUE,FALSE,FALSE,Delft University of Technology,European Space Agency,European Space Agency,en
SW_ULFxMAG_2F,Swarm ULF wave characterisation from LR Vector Magnetometer Data,0,D/EOP,Available,External Data,World Wide,"SW_ULFAMAG_2F, SW_ULFBMAG_2F, SW_ULFCMAG_2F",No,Swarm,https://swarmhandbook.earth.esa.int/catalogue/SW_ULFxMAG_2F,Swarm Mission Specific Service,https://earth.esa.int/eogateway/documents/20142/1564626/Terms-and-Conditions-for-the-use-of-ESA-Data.pdf,2025,2025,,Antonio de la Fuente,,TRUE,TRUE,FALSE,FALSE,HUN-REN Institute of Earth Physics and Space Science,European Space Agency,European Space Agency,en
SW_MAGx_HR_1B,Magnetic field (50Hz) from VFM,0,D/EOP,Available,External Data,World Wide,"SW_MAGA_HR_1B, SW_MAGB_HR_1B, SW_MAGC_HR_1B",No,Swarm,https://swarmhandbook.earth.esa.int/catalogue/SW_MAGx_HR_1B,Swarm Mission Specific Service,https://earth.esa.int/eogateway/documents/20142/1564626/Terms-and-Conditions-for-the-use-of-ESA-Data.pdf,2013,2013,,Antonio de la Fuente,,TRUE,TRUE,FALSE,FALSE,Swarm PDGS,European Space Agency,European Space Agency,en
SW_EFIx_LP_1B,Electric field instrument (EFI) Langmuir probe (LP) measurements at 2Hz,0,D/EOP,Available,External Data,World Wide,"SW_EFIA_LP_1B, SW_EFIB_LP_1B, SW_EFIC_LP_1B",No,Swarm,https://swarmhandbook.earth.esa.int/catalogue/SW_EFIx_LP_1B,Swarm Mission Specific Service,https://earth.esa.int/eogateway/documents/20142/1564626/Terms-and-Conditions-for-the-use-of-ESA-Data.pdf,2013,2013,,Antonio de la Fuente,,TRUE,TRUE,FALSE,FALSE,Swarm PDGS,European Space Agency,European Space Agency,en
SW_EFIx_TCT02, Swarm Electric Field Instrument (EFI) Thermal Ion Imager (TII) 2 Hz Cross-Track ion flow velocity dataset,0,D/EOP,Available,External Data,World Wide,"SW_EFIA_TCT02, SW_EFIB_TCT02, SW_EFIC_TCT02",No,Swarm,https://swarmhandbook.earth.esa.int/catalogue/SW_EFIx_TCT02,Swarm Mission Specific Service,https://earth.esa.int/eogateway/documents/20142/1564626/Terms-and-Conditions-for-the-use-of-ESA-Data.pdf,2017,2017,,Antonio de la Fuente,,TRUE,TRUE,FALSE,FALSE,University of Calgary,European Space Agency,European Space Agency,en
SW_MITx_LP_2F,Midlatitude Ionospheric Trough Boundaries and Minima derived from LP (Langmuir Probe),0,D/EOP,Available,External Data,World Wide,"SW_MITA_LP_2F, SW_MITB_LP_2F, SW_MITC_LP_2F",No,Swarm,https://swarmhandbook.earth.esa.int/catalogue/SW_MITx_LP_2F,Swarm Mission Specific Service,https://earth.esa.int/eogateway/documents/20142/1564626/Terms-and-Conditions-for-the-use-of-ESA-Data.pdf,2021,2021,,Antonio de la Fuente,,TRUE,TRUE,FALSE,FALSE,GFZ Helmholtz Centre for Geosciences,European Space Agency,European Space Agency,en
CS_MAG,Magnetic measurements derived from Cryosat-2 platform magnetometers,0,D/EOP,Available,External Data,World Wide,CS_MAG,No,Swarm,https://swarmhandbook.earth.esa.int/catalogue/CS_MAG,Swarm Mission Specific Service,https://earth.esa.int/eogateway/documents/20142/1564626/Terms-and-Conditions-for-the-use-of-ESA-Data.pdf,2020,2020,,Antonio de la Fuente,,TRUE,TRUE,FALSE,FALSE,Technical University of Denmark,European Space Agency,European Space Agency,en
SW_PC1xMAG_2F,Swarm Pc1 wave characterisation from HR Vector Magnetometer Data,0,D/EOP,Available,External Data,World Wide,"SW_PC1AMAG_2F, SW_PC1BMAG_2F, SW_PC1CMAG_2F",No,Swarm,https://swarmhandbook.earth.esa.int/catalogue/SW_PC1xMAG_2F,Swarm Mission Specific Service,https://earth.esa.int/eogateway/documents/20142/1564626/Terms-and-Conditions-for-the-use-of-ESA-Data.pdf,2025,2025,,Antonio de la Fuente,,TRUE,TRUE,FALSE,FALSE,HUN-REN Institute of Earth Physics and Space Science,European Space Agency,European Space Agency,en
SW_MODx_SC_1B,Satellite Position and velocity from the preliminary Medium Accuracy Orbit Determination,0,D/EOP,Available,External Data,World Wide,"SW_MODA_SC_1B, SW_MODB_SC_1B, SW_MODC_SC_1B",No,Swarm,https://swarmhandbook.earth.esa.int/catalogue/SW_MODx_SC_1B,Swarm Mission Specific Service,https://earth.esa.int/eogateway/documents/20142/1564626/Terms-and-Conditions-for-the-use-of-ESA-Data.pdf,2013,2013,,Antonio de la Fuente,,TRUE,TRUE,FALSE,FALSE,Swarm PDGS,European Space Agency,European Space Agency,en
SW_VOBS_1M_2_,"One-monthly time series of vector magnetic field values at fixed locations, on a uniform grid at satellite altitude",0,D/EOP,Available,External Data,World Wide,SW_VOBS_1M_2_,No,Swarm,https://swarmhandbook.earth.esa.int/catalogue/SW_VOBS_1M_2_,Swarm Mission Specific Service,https://earth.esa.int/eogateway/documents/20142/1564626/Terms-and-Conditions-for-the-use-of-ESA-Data.pdf,2021,2021,,Antonio de la Fuente,,TRUE,TRUE,FALSE,FALSE,British Geological Survey,European Space Agency,European Space Agency,en
SW_MCO_SHA_2D,Spherical harmonic model of the main (core) field and its temporal variation derived in Dedicated Inversion chain,0,D/EOP,Available,External Data,World Wide,SW_MCO_SHA_2D,No,Swarm,https://swarmhandbook.earth.esa.int/catalogue/SW_MCO_SHA_2D,Swarm Mission Specific Service,https://earth.esa.int/eogateway/documents/20142/1564626/Terms-and-Conditions-for-the-use-of-ESA-Data.pdf,2015,2015,,Antonio de la Fuente,,TRUE,TRUE,FALSE,FALSE,GFZ Helmholtz Centre for Geosciences,European Space Agency,European Space Agency,en
SW_ACCx_AE_2_,Time series of calibrated and pre-processed accelerometer observations and of aerodynamic accelerations,0,D/EOP,Available,External Data,World Wide,SW_ACCC_AE_2_,No,Swarm,https://swarmhandbook.earth.esa.int/catalogue/SW_ACCx_AE_2_,Swarm Mission Specific Service,https://earth.esa.int/eogateway/documents/20142/1564626/Terms-and-Conditions-for-the-use-of-ESA-Data.pdf,2016,2016,,Antonio de la Fuente,,TRUE,TRUE,FALSE,FALSE,Swarm PDGS,European Space Agency,European Space Agency,en
SW_EFIx_TII1B,Swarm Electric Field Instrument (EFI) Thermal Ion Imager (TII) Provisional plasma dataset,0,D/EOP,Available,External Data,World Wide,"SW_EFIA_TII1B, SW_EFIB_TII1B, SW_EFIC_TII1B",No,Swarm,https://swarmhandbook.earth.esa.int/catalogue/SW_EFIx_TII1B,Swarm Mission Specific Service,https://earth.esa.int/eogateway/documents/20142/1564626/Terms-and-Conditions-for-the-use-of-ESA-Data.pdf,2014,2014,,Antonio de la Fuente,,TRUE,TRUE,FALSE,FALSE,University of Calgary,European Space Agency,European Space Agency,en
SW_EFIx_LP_HM,Extended dataset of the Electric field instrument (EFI) Langmuir probe (LP) measurements at 2Hz,0,D/EOP,Available,External Data,World Wide,"SW_EFIA_LP_HM, SW_EFIB_LP_HM, SW_EFIC_LP_HM",No,Swarm,https://swarmhandbook.earth.esa.int/catalogue/SW_EFIx_LP_HM,Swarm Mission Specific Service,https://earth.esa.int/eogateway/documents/20142/1564626/Terms-and-Conditions-for-the-use-of-ESA-Data.pdf,2017,2017,,Antonio de la Fuente,,TRUE,TRUE,FALSE,FALSE,Swedish Institute of Space Physics,European Space Agency,European Space Agency,en
SW_STRxATT_1B,Attitude of spacecraft,0,D/EOP,Available,External Data,World Wide,"SW_STRAATT_1B, SW_STRBATT_1B, SW_STRCATT_1B",No,Swarm,https://swarmhandbook.earth.esa.int/catalogue/SW_STRxATT_1B,Swarm Mission Specific Service,https://earth.esa.int/eogateway/documents/20142/1564626/Terms-and-Conditions-for-the-use-of-ESA-Data.pdf,2013,2013,,Antonio de la Fuente,,TRUE,TRUE,FALSE,FALSE,Swarm PDGS,European Space Agency,European Space Agency,en
SW_AUXxORBCNT,Precise Swarm orbit number information,0,D/EOP,Available,External Data,World Wide,"SW_AUXAORBCNT, SW_AUXBORBCNT, SW_AUXCORBCNT",No,Swarm,https://swarmhandbook.earth.esa.int/catalogue/SW_AUXxORBCNT,Swarm Mission Specific Service,https://earth.esa.int/eogateway/documents/20142/1564626/Terms-and-Conditions-for-the-use-of-ESA-Data.pdf,2013,2013,,Antonio de la Fuente,,TRUE,TRUE,FALSE,FALSE,Swarm PDGS,European Space Agency,European Space Agency,en
SW_ASMxBUR_1B,ASM 250Hz Experimental Burst Mode Data,0,D/EOP,Available,External Data,World Wide,"SW_ASMABUR_1B, SW_ASMBBUR_1B, SW_ASMCBUR_1B",No,Swarm,https://swarmhandbook.earth.esa.int/catalogue/SW_ASMxBUR_1B,Swarm Mission Specific Service,https://earth.esa.int/eogateway/documents/20142/1564626/Terms-and-Conditions-for-the-use-of-ESA-Data.pdf,2020,2020,,Antonio de la Fuente,,TRUE,TRUE,FALSE,FALSE,Swarm PDGS,European Space Agency,European Space Agency,en
SW_LP_x_CA_1B,LP calibration parameters,0,D/EOP,Available,External Data,World Wide,"SW_LP_A_CA_1B, SW_LP_B_CA_1B, SW_LP_C_CA_1B",No,Swarm,https://swarmhandbook.earth.esa.int/catalogue/SW_LP_x_CA_1B,Swarm Mission Specific Service,https://earth.esa.int/eogateway/documents/20142/1564626/Terms-and-Conditions-for-the-use-of-ESA-Data.pdf,2013,2013,,Antonio de la Fuente,,TRUE,TRUE,FALSE,FALSE,Swarm PDGS,European Space Agency,European Space Agency,en
SW_MIO_SHA_2D,"Model of non-polar daily geomagnetic variation caused by ionospheric currents, derived from dedicated chain (DIFI)",0,D/EOP,Available,External Data,World Wide,SW_MIO_SHA_2D,No,Swarm,https://swarmhandbook.earth.esa.int/catalogue/SW_MIO_SHA_2D,Swarm Mission Specific Service,https://earth.esa.int/eogateway/documents/20142/1564626/Terms-and-Conditions-for-the-use-of-ESA-Data.pdf,2015,2015,,Antonio de la Fuente,,TRUE,TRUE,FALSE,FALSE,Institut de physique du globe de Paris,European Space Agency,European Space Agency,en
SW_MTI_SHA_2C,Spherical harmonic model of the magnetic signature of oceanic M2 tide,0,D/EOP,Available,External Data,World Wide,SW_MTI_SHA_2C,No,Swarm,https://swarmhandbook.earth.esa.int/catalogue/SW_MTI_SHA_2C,Swarm Mission Specific Service,https://earth.esa.int/eogateway/documents/20142/1564626/Terms-and-Conditions-for-the-use-of-ESA-Data.pdf,2018,2018,,Antonio de la Fuente,,TRUE,TRUE,FALSE,FALSE,Technical University of Denmark,European Space Agency,European Space Agency,en
SW_IPDxIRR_2F,Ionospheric Plasma IRregularities characterised by the Swarm satellites (Swarm IPIR).,0,D/EOP,Available,External Data,World Wide,"SW_IPDAIRR_2F, SW_IPDBIRR_2F, SW_IPDCIRR_2F",No,Swarm,https://swarmhandbook.earth.esa.int/catalogue/SW_IPDxIRR_2F,Swarm Mission Specific Service,https://earth.esa.int/eogateway/documents/20142/1564626/Terms-and-Conditions-for-the-use-of-ESA-Data.pdf,2019,2019,,Antonio de la Fuente,,TRUE,TRUE,FALSE,FALSE,University of Oslo,European Space Agency,European Space Agency,en
SW_EFIxTIE_2_,Estimated ion temperatures along the Swarm satellite orbits,0,D/EOP,Available,External Data,World Wide,"SW_EFIATIE_2_, SW_EFIBTIE_2_, SW_EFICTIE_2_",No,Swarm,https://swarmhandbook.earth.esa.int/catalogue/SW_EFIxTIE_2_,Swarm Mission Specific Service,https://earth.esa.int/eogateway/documents/20142/1564626/Terms-and-Conditions-for-the-use-of-ESA-Data.pdf,2021,2021,,Antonio de la Fuente,,TRUE,TRUE,FALSE,FALSE,University of Calgary,European Space Agency,European Space Agency,en
SW_GPSx_RN_1B,GPS RINEX Navigation data,0,D/EOP,Available,External Data,World Wide,"SW_GPSA_RN_1B, SW_GPSB_RN_1B, SW_GPSC_RN_1B",No,Swarm,https://swarmhandbook.earth.esa.int/catalogue/SW_GPSx_RN_1B,Swarm Mission Specific Service,https://earth.esa.int/eogateway/documents/20142/1564626/Terms-and-Conditions-for-the-use-of-ESA-Data.pdf,2013,2013,,Antonio de la Fuente,,TRUE,TRUE,FALSE,FALSE,Swarm PDGS,European Space Agency,European Space Agency,en
SW_EGF_SHA_2_,Monthly gravity field of the Earth,0,D/EOP,Available,External Data,World Wide,SW_EGF_SHA_2_,No,Swarm,https://swarmhandbook.earth.esa.int/catalogue/SW_EGF_SHA_2_,Swarm Mission Specific Service,https://earth.esa.int/eogateway/documents/20142/1564626/Terms-and-Conditions-for-the-use-of-ESA-Data.pdf,2019,2019,,Antonio de la Fuente,,TRUE,TRUE,FALSE,FALSE,Delft University of Technology,European Space Agency,European Space Agency,en
SW_FAC_LLS_2F,"Field-aligned currents (dual-satellite A-C, local least-squares method)",0,D/EOP,Available,External Data,World Wide,SW_FAC_LLS_2F,No,Swarm,https://swarmhandbook.earth.esa.int/catalogue/SW_FAC_LLS_2F,Swarm Mission Specific Service,https://earth.esa.int/eogateway/documents/20142/1564626/Terms-and-Conditions-for-the-use-of-ESA-Data.pdf,2025,2025,,Antonio de la Fuente,,TRUE,TRUE,FALSE,FALSE,"Institute of Space Science, Romania",European Space Agency,European Space Agency,en
SW_MCR_1DM_2_,Model of electrical conductivity of the mantle,0,D/EOP,Available,External Data,World Wide,SW_MCR_1DM_2_,No,Swarm,https://swarmhandbook.earth.esa.int/catalogue/SW_MCR_1DM_2_,Swarm Mission Specific Service,https://earth.esa.int/eogateway/documents/20142/1564626/Terms-and-Conditions-for-the-use-of-ESA-Data.pdf,2015,2015,,Antonio de la Fuente,,TRUE,TRUE,FALSE,FALSE,ETH Zurich,European Space Agency,European Space Agency,en
CH_DNS_ACC_2_,Thermosphere mass density at the CHAMP satellite location,0,D/EOP,Available,External Data,World Wide,CH_DNS_ACC_2_,No,Swarm,https://swarmhandbook.earth.esa.int/catalogue/CH_DNS_ACC_2_,Swarm Mission Specific Service,https://earth.esa.int/eogateway/documents/20142/1564626/Terms-and-Conditions-for-the-use-of-ESA-Data.pdf,2023,2023,,Antonio de la Fuente,,TRUE,TRUE,FALSE,FALSE,Delft University of Technology,European Space Agency,European Space Agency,en
SW_MLI_SHA_2D,Spherical Harmonic Models of the lithospheric field from the dedicated inversion,0,D/EOP,Available,External Data,World Wide,SW_MLI_SHA_2D,No,Swarm,https://swarmhandbook.earth.esa.int/catalogue/SW_MLI_SHA_2D,Swarm Mission Specific Service,https://earth.esa.int/eogateway/documents/20142/1564626/Terms-and-Conditions-for-the-use-of-ESA-Data.pdf,2015,2015,,Antonio de la Fuente,,TRUE,TRUE,FALSE,FALSE,Institut de physique du globe de Paris,European Space Agency,European Space Agency,en
SW_MCO_SHA_2F,"Spherical harmonic model of the main (core) field and its temporal variation, from the fast-track inversion",0,D/EOP,Available,External Data,World Wide,SW_MCO_SHA_2F,No,Swarm,https://swarmhandbook.earth.esa.int/catalogue/SW_MCO_SHA_2F,Swarm Mission Specific Service,https://earth.esa.int/eogateway/documents/20142/1564626/Terms-and-Conditions-for-the-use-of-ESA-Data.pdf,2016,2016,,Antonio de la Fuente,,TRUE,TRUE,FALSE,FALSE,GFZ Helmholtz Centre for Geosciences,European Space Agency,European Space Agency,en
SW_MLI_SHA_2C,Spherical Harmonic Models of the lithospheric field derived in Comprehensive Inversion chain,0,D/EOP,Available,External Data,World Wide,SW_MLI_SHA_2C,No,Swarm,https://swarmhandbook.earth.esa.int/catalogue/SW_MLI_SHA_2C,Swarm Mission Specific Service,https://earth.esa.int/eogateway/documents/20142/1564626/Terms-and-Conditions-for-the-use-of-ESA-Data.pdf,2015,2015,,Antonio de la Fuente,,TRUE,TRUE,FALSE,FALSE,Technical University of Denmark,European Space Agency,European Space Agency,en
SW_MIO_SHA_2C,"Model of non-polar daily geomagnetic variation caused by ionospheric currents, derived in comprehensive chain (CI)",0,D/EOP,Available,External Data,World Wide,SW_MIO_SHA_2C,No,Swarm,https://swarmhandbook.earth.esa.int/catalogue/SW_MIO_SHA_2C,Swarm Mission Specific Service,https://earth.esa.int/eogateway/documents/20142/1564626/Terms-and-Conditions-for-the-use-of-ESA-Data.pdf,2015,2015,,Antonio de la Fuente,,TRUE,TRUE,FALSE,FALSE,Technical University of Denmark,European Space Agency,European Space Agency,en
SW_MIO_SHA_2E,Model of polar daily geomagnetic variation caused by ionospheric currents (AMPS model),0,D/EOP,Available,External Data,World Wide,SW_MIO_SHA_2E,No,Swarm,https://swarmhandbook.earth.esa.int/catalogue/SW_MIO_SHA_2E,Swarm Mission Specific Service,https://earth.esa.int/eogateway/documents/20142/1564626/Terms-and-Conditions-for-the-use-of-ESA-Data.pdf,2018,2018,,Antonio de la Fuente,,TRUE,TRUE,FALSE,FALSE,University of Bergen,European Space Agency,European Space Agency,en
SW_EEFxTMS_2F,Dayside equatorial electric field,0,D/EOP,Available,External Data,World Wide,"SW_EEFATMS_2F, SW_EEFBTMS_2F, SW_EEFCTMS_2F",No,Swarm,https://swarmhandbook.earth.esa.int/catalogue/SW_EEFxTMS_2F,Swarm Mission Specific Service,https://earth.esa.int/eogateway/documents/20142/1564626/Terms-and-Conditions-for-the-use-of-ESA-Data.pdf,2020,2020,,Antonio de la Fuente,,TRUE,TRUE,FALSE,FALSE,Technical University of Denmark,European Space Agency,European Space Agency,en
GF_DNSxACC_2_,Thermosphere mass density at the GRACE-FO satellite locations,0,D/EOP,Available,External Data,World Wide,GF_DNS1ACC_2_,No,Swarm,https://swarmhandbook.earth.esa.int/catalogue/GF_DNSxACC_2_,Swarm Mission Specific Service,https://earth.esa.int/eogateway/documents/20142/1564626/Terms-and-Conditions-for-the-use-of-ESA-Data.pdf,2024,2024,,Antonio de la Fuente,,TRUE,TRUE,FALSE,FALSE,Delft University of Technology,European Space Agency,European Space Agency,en
SW_SP3xKIN_2_,Precise kinematic orbit solutions,0,D/EOP,Available,External Data,World Wide,"SW_SP3AKIN_2_, SW_SP3BKIN_2_, SW_SP3CKIN_2_",No,Swarm,https://swarmhandbook.earth.esa.int/catalogue/SW_SP3xKIN_2_,Swarm Mission Specific Service,https://earth.esa.int/eogateway/documents/20142/1564626/Terms-and-Conditions-for-the-use-of-ESA-Data.pdf,2015,2015,,Antonio de la Fuente,,TRUE,TRUE,FALSE,FALSE,Delft University of Technology,European Space Agency,European Space Agency,en
SW_PPIxFAC_2F,Equatorward boundary of SSFACs and the associated midnight PP index,0,D/EOP,Available,External Data,World Wide,"SW_PPIAFAC_2F, SW_PPIBFAC_2F, SW_PPICFAC_2F",No,Swarm,https://swarmhandbook.earth.esa.int/catalogue/SW_PPIxFAC_2F,Swarm Mission Specific Service,https://earth.esa.int/eogateway/documents/20142/1564626/Terms-and-Conditions-for-the-use-of-ESA-Data.pdf,2021,2021,,Antonio de la Fuente,,TRUE,TRUE,FALSE,FALSE,GFZ Helmholtz Centre for Geosciences,European Space Agency,European Space Agency,en
GF_TECxTMS_2F,Time series of the ionospheric Total Electron Content (TEC) derived for GRACE-FO 1 and 2 satellites,0,D/EOP,Available,External Data,World Wide,"GF_TEC1TMS_2F, GF_TEC2TMS_2F",No,Swarm,https://swarmhandbook.earth.esa.int/catalogue/GF_TECxTMS_2F,Swarm Mission Specific Service,https://earth.esa.int/eogateway/documents/20142/1564626/Terms-and-Conditions-for-the-use-of-ESA-Data.pdf,2022,2022,,Antonio de la Fuente,,TRUE,TRUE,FALSE,FALSE,GFZ Helmholtz Centre for Geosciences,European Space Agency,European Space Agency,en
GR_TECxTMS_2F,Time series of the ionospheric Total Electron Content (TEC) derived for GRACE 1 and 2 satellites,0,D/EOP,Available,External Data,World Wide,"GR_TEC1TMS_2F, GR_TEC2TMS_2F",No,Swarm,https://swarmhandbook.earth.esa.int/catalogue/GR_TECxTMS_2F,Swarm Mission Specific Service,https://earth.esa.int/eogateway/documents/20142/1564626/Terms-and-Conditions-for-the-use-of-ESA-Data.pdf,2022,2022,,Antonio de la Fuente,,TRUE,TRUE,FALSE,FALSE,GFZ Helmholtz Centre for Geosciences,European Space Agency,European Space Agency,en
SW_WHIxEVT_2_,Whistler Events from ASM BM 250Hz data,0,D/EOP,Available,External Data,World Wide,"SW_WHIAEVT_2_, SW_WHIBEVT_2_",No,Swarm,https://swarmhandbook.earth.esa.int/catalogue/SW_WHIxEVT_2_,Swarm Mission Specific Service,https://earth.esa.int/eogateway/documents/20142/1564626/Terms-and-Conditions-for-the-use-of-ESA-Data.pdf,2023,2023,,Antonio de la Fuente,,TRUE,TRUE,FALSE,FALSE,Institut de physique du globe de Paris,European Space Agency,European Space Agency,en
SW_AEJxLPS_2F,Auroral electrojets line profile - SECS method,0,D/EOP,Available,External Data,World Wide,"SW_AEJALPS_2F, SW_AEJBLPS_2F, SW_AEJCLPS_2F",No,Swarm,https://swarmhandbook.earth.esa.int/catalogue/SW_AEJxLPS_2F,Swarm Mission Specific Service,https://earth.esa.int/eogateway/documents/20142/1564626/Terms-and-Conditions-for-the-use-of-ESA-Data.pdf,2020,2020,,Antonio de la Fuente,,TRUE,TRUE,FALSE,FALSE,Finnish Meteorological Institute,European Space Agency,European Space Agency,en
GF_NE__KBR_2F,Time series of the averaged electron density (Ne) between GRACE-FO 1 and 2 satellites,0,D/EOP,Available,External Data,World Wide,GF_NE__KBR_2F,No,Swarm,https://swarmhandbook.earth.esa.int/catalogue/GF_NE__KBR_2F,Swarm Mission Specific Service,https://earth.esa.int/eogateway/documents/20142/1564626/Terms-and-Conditions-for-the-use-of-ESA-Data.pdf,2022,2022,,Antonio de la Fuente,,TRUE,TRUE,FALSE,FALSE,GFZ Helmholtz Centre for Geosciences,European Space Agency,European Space Agency,en
SW_EFIxIDM_2_,Swarm Electric Field Instrument (EFI) Langumir Probe (LP) Ion Drift and Effective Mass,0,D/EOP,Available,External Data,World Wide,"SW_EFIAIDM_2_, SW_EFIBIDM_2_, SW_EFICIDM_2_",No,Swarm,https://swarmhandbook.earth.esa.int/catalogue/SW_EFIxIDM_2_,Swarm Mission Specific Service,https://earth.esa.int/eogateway/documents/20142/1564626/Terms-and-Conditions-for-the-use-of-ESA-Data.pdf,2022,2022,,Antonio de la Fuente,,TRUE,TRUE,FALSE,FALSE,University of Calgary,European Space Agency,European Space Agency,en
SW_EFIxLPI_1B,Electric field instrument (EFI) Langmuir probe (LP) measurements at 1Hz,0,D/EOP,Available,External Data,World Wide,"SW_EFIALPI_1B, SW_EFIBLPI_1B, SW_EFICLPI_1B",No,Swarm,https://swarmhandbook.earth.esa.int/catalogue/SW_EFIxLPI_1B,Swarm Mission Specific Service,https://earth.esa.int/eogateway/documents/20142/1564626/Terms-and-Conditions-for-the-use-of-ESA-Data.pdf,2013,2013,,Antonio de la Fuente,,TRUE,TRUE,FALSE,FALSE,Swarm PDGS,European Space Agency,European Space Agency,en
SW_FACxTMS_2F,Field-aligned currents (single satellite),0,D/EOP,Available,External Data,World Wide,"SW_FACATMS_2F, SW_FACBTMS_2F, SW_FACCTMS_2F",No,Swarm,https://swarmhandbook.earth.esa.int/catalogue/SW_FACxTMS_2F,Swarm Mission Specific Service,https://earth.esa.int/eogateway/documents/20142/1564626/Terms-and-Conditions-for-the-use-of-ESA-Data.pdf,2014,2014,,Antonio de la Fuente,,TRUE,TRUE,FALSE,FALSE,GFZ Helmholtz Centre for Geosciences,European Space Agency,European Space Agency,en
SW_CFW_SHA_2Y,Toroidal and poloidal core flow coefficients co-estimated with the magnetic field model MCO_SHA_2Y,0,D/EOP,Available,External Data,World Wide,SW_CFW_SHA_2Y,No,Swarm,https://swarmhandbook.earth.esa.int/catalogue/SW_CFW_SHA_2Y,Swarm Mission Specific Service,https://earth.esa.int/eogateway/documents/20142/1564626/Terms-and-Conditions-for-the-use-of-ESA-Data.pdf,2022,2022,,Antonio de la Fuente,,TRUE,TRUE,FALSE,FALSE,Institut de physique du globe de Paris,European Space Agency,European Space Agency,en
SW_SP3xCOM_2_,Precise reduced-dynamic orbit solutions,0,D/EOP,Available,External Data,World Wide,"SW_SP3ACOM_2_, SW_SP3BCOM_2_, SW_SP3CCOM_2_",No,Swarm,https://swarmhandbook.earth.esa.int/catalogue/SW_SP3xCOM_2_,Swarm Mission Specific Service,https://earth.esa.int/eogateway/documents/20142/1564626/Terms-and-Conditions-for-the-use-of-ESA-Data.pdf,2015,2015,,Antonio de la Fuente,,TRUE,TRUE,FALSE,FALSE,Delft University of Technology,European Space Agency,European Space Agency,en
SW_GPSx_RO_1B,GPS RINEX Observation data,0,D/EOP,Available,External Data,World Wide,"SW_GPSA_RO_1B, SW_GPSB_RO_1B, SW_GPSC_RO_1B",No,Swarm,https://swarmhandbook.earth.esa.int/catalogue/SW_GPSx_RO_1B,Swarm Mission Specific Service,https://earth.esa.int/eogateway/documents/20142/1564626/Terms-and-Conditions-for-the-use-of-ESA-Data.pdf,2013,2013,,Antonio de la Fuente,,TRUE,TRUE,FALSE,FALSE,Swarm PDGS,European Space Agency,European Space Agency,en
CH_WND_ACC_2_,Thermosphere crosswind at the CHAMP satellite location,0,D/EOP,Available,External Data,World Wide,CH_WND_ACC_2_,No,Swarm,https://swarmhandbook.earth.esa.int/catalogue/CH_WND_ACC_2_,Swarm Mission Specific Service,https://earth.esa.int/eogateway/documents/20142/1564626/Terms-and-Conditions-for-the-use-of-ESA-Data.pdf,2023,2023,,Antonio de la Fuente,,TRUE,TRUE,FALSE,FALSE,Delft University of Technology,European Space Agency,European Space Agency,en
SW_MIN_1DM_2_,Model of electrical conductivity of the mantle,0,D/EOP,Available,External Data,World Wide,SW_MIN_1DM_2_,No,Swarm,https://swarmhandbook.earth.esa.int/catalogue/SW_MIN_1DM_2_,Swarm Mission Specific Service,https://earth.esa.int/eogateway/documents/20142/1564626/Terms-and-Conditions-for-the-use-of-ESA-Data.pdf,2015,2015,,Antonio de la Fuente,,TRUE,TRUE,FALSE,FALSE,ETH Zurich,European Space Agency,European Space Agency,en
MM_CON_EPH_2_,Conjunction information,0,D/EOP,Available,External Data,World Wide,MM_CON_EPH_2_,No,Swarm,https://swarmhandbook.earth.esa.int/catalogue/MM_CON_EPH_2_,Swarm Mission Specific Service,https://earth.esa.int/eogateway/documents/20142/1564626/Terms-and-Conditions-for-the-use-of-ESA-Data.pdf,2022,2022,,Antonio de la Fuente,,TRUE,TRUE,FALSE,FALSE,Delft University of Technology,European Space Agency,European Space Agency,en
GRACE_x_MAG,Magnetic measurements derived from GRACE platform magnetometers,0,D/EOP,Available,External Data,World Wide,"GRACE_A_MAG, GRACE_B_MAG",No,Swarm,https://swarmhandbook.earth.esa.int/catalogue/GRACE_x_MAG,Swarm Mission Specific Service,https://earth.esa.int/eogateway/documents/20142/1564626/Terms-and-Conditions-for-the-use-of-ESA-Data.pdf,2022,2022,,Antonio de la Fuente,,TRUE,TRUE,FALSE,FALSE,Technical University of Denmark,European Space Agency,European Space Agency,en
SW_MCO_SHA_2Y,"Model of the core field, related to SW_CFW_SHA_2Y",0,D/EOP,Available,External Data,World Wide,SW_MCO_SHA_2Y,No,Swarm,https://swarmhandbook.earth.esa.int/catalogue/SW_MCO_SHA_2Y,Swarm Mission Specific Service,https://earth.esa.int/eogateway/documents/20142/1564626/Terms-and-Conditions-for-the-use-of-ESA-Data.pdf,2022,2022,,Antonio de la Fuente,,TRUE,TRUE,FALSE,FALSE,Institut de physique du globe de Paris,European Space Agency,European Space Agency,en
SW_MMA_SHA_2C,Timeseries of spherical harmonic expansion coefficients of the large-scale magnetospheric field from the comprehensive inversion chain,0,D/EOP,Available,External Data,World Wide,SW_MMA_SHA_2C,No,Swarm,https://swarmhandbook.earth.esa.int/catalogue/SW_MMA_SHA_2C,Swarm Mission Specific Service,https://earth.esa.int/eogateway/documents/20142/1564626/Terms-and-Conditions-for-the-use-of-ESA-Data.pdf,2015,2015,,Antonio de la Fuente,,TRUE,TRUE,FALSE,FALSE,Technical University of Denmark,European Space Agency,European Space Agency,en
SW_AEJxPBS_2F,Auroral electrojets peaks and boundaries from SECS,0,D/EOP,Available,External Data,World Wide,"SW_AEJAPBS_2F, SW_AEJBPBS_2F, SW_AEJCPBS_2F",No,Swarm,https://swarmhandbook.earth.esa.int/catalogue/SW_AEJxPBS_2F,Swarm Mission Specific Service,https://earth.esa.int/eogateway/documents/20142/1564626/Terms-and-Conditions-for-the-use-of-ESA-Data.pdf,2020,2020,,Antonio de la Fuente,,TRUE,TRUE,FALSE,FALSE,Finnish Meteorological Institute,European Space Agency,European Space Agency,en
GF_WNDxACC_2_,Thermosphere crosswind at the GRACE-FO satellite locations,0,D/EOP,Available,External Data,World Wide,GF_WND1ACC_2_,No,Swarm,https://swarmhandbook.earth.esa.int/catalogue/GF_WNDxACC_2_,Swarm Mission Specific Service,https://earth.esa.int/eogateway/documents/20142/1564626/Terms-and-Conditions-for-the-use-of-ESA-Data.pdf,2024,2024,,Antonio de la Fuente,,TRUE,TRUE,FALSE,FALSE,Delft University of Technology,European Space Agency,European Space Agency,en
SW_MLI_SHA_2E,"Final map of the lithospheric field from the Revised Spherical Cap Harmonic analysis (R-SCHA) Dedicated Lithospheric Inversion, expressed in terms of high degree Spherical Harmonics",0,D/EOP,Available,External Data,World Wide,SW_MLI_SHA_2E,No,Swarm,https://swarmhandbook.earth.esa.int/catalogue/SW_MLI_SHA_2E,Swarm Mission Specific Service,https://earth.esa.int/eogateway/documents/20142/1564626/Terms-and-Conditions-for-the-use-of-ESA-Data.pdf,2020,2020,,Antonio de la Fuente,,TRUE,TRUE,FALSE,FALSE,Institut de physique du globe de Paris,European Space Agency,European Space Agency,en
SW_GPSxNAV_1B,On-board GPSR navigational solution,0,D/EOP,Available,External Data,World Wide,"SW_GPSANAV_1B, SW_GPSBNAV_1B, SW_GPSCNAV_1B",No,Swarm,https://swarmhandbook.earth.esa.int/catalogue/SW_GPSxNAV_1B,Swarm Mission Specific Service,https://earth.esa.int/eogateway/documents/20142/1564626/Terms-and-Conditions-for-the-use-of-ESA-Data.pdf,2013,2013,,Antonio de la Fuente,,TRUE,TRUE,FALSE,FALSE,Swarm PDGS,European Space Agency,European Space Agency,en
SW_VOBS_4M_2_,"Four-monthly time series of vector magnetic field values at fixed locations, on a uniform grid at satellite altitude",0,D/EOP,Available,External Data,World Wide,SW_VOBS_4M_2_,No,Swarm,https://swarmhandbook.earth.esa.int/catalogue/SW_VOBS_4M_2_,Swarm Mission Specific Service,https://earth.esa.int/eogateway/documents/20142/1564626/Terms-and-Conditions-for-the-use-of-ESA-Data.pdf,2021,2021,,Antonio de la Fuente,,TRUE,TRUE,FALSE,FALSE,British Geological Survey,European Space Agency,European Space Agency,en
SW_MITxTEC_2F,Midlatitude Ionospheric Trough Boundaries and Minima derived from TEC,0,D/EOP,Available,External Data,World Wide,"SW_MITATEC_2F, SW_MITBTEC_2F, SW_MITCTEC_2F",No,Swarm,https://swarmhandbook.earth.esa.int/catalogue/SW_MITxTEC_2F,Swarm Mission Specific Service,https://earth.esa.int/eogateway/documents/20142/1564626/Terms-and-Conditions-for-the-use-of-ESA-Data.pdf,2021,2021,,Antonio de la Fuente,,TRUE,TRUE,FALSE,FALSE,GFZ Helmholtz Centre for Geosciences,European Space Agency,European Space Agency,en
SW_MCO_SHA_2C,Spherical harmonic model of the main (core) field and its temporal variation derived in Comprehensive Inversion chain,0,D/EOP,Available,External Data,World Wide,SW_MCO_SHA_2C,No,Swarm,https://swarmhandbook.earth.esa.int/catalogue/SW_MCO_SHA_2C,Swarm Mission Specific Service,https://earth.esa.int/eogateway/documents/20142/1564626/Terms-and-Conditions-for-the-use-of-ESA-Data.pdf,2015,2015,,Antonio de la Fuente,,TRUE,TRUE,FALSE,FALSE,Technical University of Denmark,European Space Agency,European Space Agency,en
GFx_FGM_ACAL_CORR,Magnetic measurements derived from GRACE-FO platform magnetometers,0,D/EOP,Available,External Data,World Wide,"GF1_FGM_ACAL_CORR, GF2_FGM_ACAL_CORR",No,Swarm,https://swarmhandbook.earth.esa.int/catalogue/GFx_FGM_ACAL_CORR,Swarm Mission Specific Service,https://earth.esa.int/eogateway/documents/20142/1564626/Terms-and-Conditions-for-the-use-of-ESA-Data.pdf,2022,2022,,Antonio de la Fuente,,TRUE,TRUE,FALSE,FALSE,GFZ Helmholtz Centre for Geosciences,European Space Agency,European Space Agency,en
SW_AEJxLPL_2F,Auroral electrojets line profile - Line current method (LC),0,D/EOP,Available,External Data,World Wide,"SW_AEJALPL_2F, SW_AEJBLPL_2F, SW_AEJCLPL_2F",No,Swarm,https://swarmhandbook.earth.esa.int/catalogue/SW_AEJxLPL_2F,Swarm Mission Specific Service,https://earth.esa.int/eogateway/documents/20142/1564626/Terms-and-Conditions-for-the-use-of-ESA-Data.pdf,2020,2020,,Antonio de la Fuente,,TRUE,TRUE,FALSE,FALSE,GFZ Helmholtz Centre for Geosciences,European Space Agency,European Space Agency,en
SW_IBIxTMS_2F,Ionospheric bubble index,0,D/EOP,Available,External Data,World Wide,"SW_IBIATMS_2F, SW_IBIBTMS_2F, SW_IBICTMS_2F",No,Swarm,https://swarmhandbook.earth.esa.int/catalogue/SW_IBIxTMS_2F,Swarm Mission Specific Service,https://earth.esa.int/eogateway/documents/20142/1564626/Terms-and-Conditions-for-the-use-of-ESA-Data.pdf,2015,2015,,Antonio de la Fuente,,TRUE,TRUE,FALSE,FALSE,GFZ Helmholtz Centre for Geosciences,European Space Agency,European Space Agency,en
SW_ACCxPOD_2_,Non-gravitational and aerodynamic accelerations,0,D/EOP,Available,External Data,World Wide,"SW_ACCAPOD_2_, SW_ACCBPOD_2_, SW_ACCCPOD_2_",No,Swarm,https://swarmhandbook.earth.esa.int/catalogue/SW_ACCxPOD_2_,Swarm Mission Specific Service,https://earth.esa.int/eogateway/documents/20142/1564626/Terms-and-Conditions-for-the-use-of-ESA-Data.pdf,2017,2017,,Antonio de la Fuente,,TRUE,TRUE,FALSE,FALSE,Delft University of Technology,European Space Agency,European Space Agency,en
SW_AEJxPBL_2F,Auroral electrojets peaks and boundaries from LC,0,D/EOP,Available,External Data,World Wide,"SW_AEJAPBL_2F, SW_AEJBPBL_2F, SW_AEJCPBL_2F",No,Swarm,https://swarmhandbook.earth.esa.int/catalogue/SW_AEJxPBL_2F,Swarm Mission Specific Service,https://earth.esa.int/eogateway/documents/20142/1564626/Terms-and-Conditions-for-the-use-of-ESA-Data.pdf,2020,2020,,Antonio de la Fuente,,TRUE,TRUE,FALSE,FALSE,GFZ Helmholtz Centre for Geosciences,European Space Agency,European Space Agency,en
GO_MAG_ACAL_CORR,Magnetic measurements derived from GOCE platform magnetometers,0,D/EOP,Available,External Data,World Wide,GO_MAG_ACAL_CORR,No,Swarm,https://swarmhandbook.earth.esa.int/catalogue/GO_MAG_ACAL_CORR,Swarm Mission Specific Service,https://earth.esa.int/eogateway/documents/20142/1564626/Terms-and-Conditions-for-the-use-of-ESA-Data.pdf,2022,2022,,Antonio de la Fuente,,TRUE,TRUE,FALSE,FALSE,GFZ Helmholtz Centre for Geosciences,European Space Agency,European Space Agency,en
SW_ACCxCAL_2_,Corrected and calibrated accelerometer observations,0,D/EOP,Available,External Data,World Wide,"SW_ACCACAL_2_, SW_ACCBCAL_2_, SW_ACCCCAL_2_",No,Swarm,https://swarmhandbook.earth.esa.int/catalogue/SW_ACCxCAL_2_,Swarm Mission Specific Service,https://earth.esa.int/eogateway/documents/20142/1564626/Terms-and-Conditions-for-the-use-of-ESA-Data.pdf,2021,2021,,Antonio de la Fuente,,TRUE,TRUE,FALSE,FALSE,Leibniz University Hannover,European Space Agency,European Space Agency,en
SW_ASMxAUX_1B,Spacecraft (S/C) magnetic stray fields at ASM sensor position,0,D/EOP,Available,External Data,World Wide,"SW_ASMAAUX_1B, SW_ASMBAUX_1B, SW_ASMCAUX_1B",No,Swarm,https://swarmhandbook.earth.esa.int/catalogue/SW_ASMxAUX_1B,Swarm Mission Specific Service,https://earth.esa.int/eogateway/documents/20142/1564626/Terms-and-Conditions-for-the-use-of-ESA-Data.pdf,2013,2013,,Antonio de la Fuente,,TRUE,TRUE,FALSE,FALSE,Swarm PDGS,European Space Agency,European Space Agency,en
SW_EFIx_TCT16,Swarm Electric Field Instrument (EFI) Thermal Ion Imager (TII) 16Hz Cross-Track ion flow velocity dataset,0,D/EOP,Available,External Data,World Wide,"SW_EFIA_TCT16, SW_EFIB_TCT16, SW_EFIC_TCT16",No,Swarm,https://swarmhandbook.earth.esa.int/catalogue/SW_EFIx_TCT16,Swarm Mission Specific Service,https://earth.esa.int/eogateway/documents/20142/1564626/Terms-and-Conditions-for-the-use-of-ESA-Data.pdf,2017,2017,,Antonio de la Fuente,,TRUE,TRUE,FALSE,FALSE,University of Calgary,European Space Agency,European Space Agency,en
GR_NE__KBR_2F,Time series of the averaged electron density (Ne) between GRACE 1 and 2 satellites,0,D/EOP,Available,External Data,World Wide,GR_NE__KBR_2F,No,Swarm,https://swarmhandbook.earth.esa.int/catalogue/GR_NE__KBR_2F,Swarm Mission Specific Service,https://earth.esa.int/eogateway/documents/20142/1564626/Terms-and-Conditions-for-the-use-of-ESA-Data.pdf,2022,2022,,Antonio de la Fuente,,TRUE,TRUE,FALSE,FALSE,GFZ Helmholtz Centre for Geosciences,European Space Agency,European Space Agency,en
SW_FAC_TMS_2F,Field-aligned currents (dual-satellite A-C),0,D/EOP,Available,External Data,World Wide,SW_FAC_TMS_2F,No,Swarm,https://swarmhandbook.earth.esa.int/catalogue/SW_FAC_TMS_2F,Swarm Mission Specific Service,https://earth.esa.int/eogateway/documents/20142/1564626/Terms-and-Conditions-for-the-use-of-ESA-Data.pdf,2014,2014,,Antonio de la Fuente,,TRUE,TRUE,FALSE,FALSE,GFZ Helmholtz Centre for Geosciences,European Space Agency,European Space Agency,en
GR_WNDxACC_2_,Thermosphere crosswind at the GRACE satellite locations,0,D/EOP,Available,External Data,World Wide,"GR_WND1ACC_2_, GR_WND2ACC_2_",No,Swarm,https://swarmhandbook.earth.esa.int/catalogue/GR_WNDxACC_2_,Swarm Mission Specific Service,https://earth.esa.int/eogateway/documents/20142/1564626/Terms-and-Conditions-for-the-use-of-ESA-Data.pdf,2023,2023,,Antonio de la Fuente,,TRUE,TRUE,FALSE,FALSE,Delft University of Technology,European Space Agency,European Space Agency,en
CH_TEC_TMS_2F,Time series of the ionospheric Total Electron Content (TEC) derived for the CHAMP satellite,0,D/EOP,Available,External Data,World Wide,CH_TEC_TMS_2F,No,Swarm,https://swarmhandbook.earth.esa.int/catalogue/CH_TEC_TMS_2F,Swarm Mission Specific Service,https://earth.esa.int/eogateway/documents/20142/1564626/Terms-and-Conditions-for-the-use-of-ESA-Data.pdf,2022,2022,,Antonio de la Fuente,,TRUE,TRUE,FALSE,FALSE,GFZ Helmholtz Centre for Geosciences,European Space Agency,European Space Agency,en
SW_AOBxFAC_2F,Auroral oval boundaries derived from FACs,0,D/EOP,Available,External Data,World Wide,"SW_AOBAFAC_2F, SW_AOBBFAC_2F, SW_AOBCFAC_2F",No,Swarm,https://swarmhandbook.earth.esa.int/catalogue/SW_AOBxFAC_2F,Swarm Mission Specific Service,https://earth.esa.int/eogateway/documents/20142/1564626/Terms-and-Conditions-for-the-use-of-ESA-Data.pdf,2020,2020,,Antonio de la Fuente,,TRUE,TRUE,FALSE,FALSE,GFZ Helmholtz Centre for Geosciences,European Space Agency,European Space Agency,en
SW_MAGx_LR_1B,Magnetic field (1Hz) from VFM and ASM,0,D/EOP,Available,External Data,World Wide,"SW_MAGA_LR_1B, SW_MAGB_LR_1B, SW_MAGC_LR_1B",No,Swarm,https://swarmhandbook.earth.esa.int/catalogue/SW_MAGx_LR_1B,Swarm Mission Specific Service,https://earth.esa.int/eogateway/documents/20142/1564626/Terms-and-Conditions-for-the-use-of-ESA-Data.pdf,2013,2013,,Antonio de la Fuente,,TRUE,TRUE,FALSE,FALSE,Swarm PDGS,European Space Agency,European Space Agency,en
SW_DNSxPOD_2_,Thermospheric density,0,D/EOP,Available,External Data,World Wide,"SW_DNSAPOD_2, SW_DNSBPOD_2_, SW_DNSCPOD_2_",No,Swarm,https://swarmhandbook.earth.esa.int/catalogue/SW_DNSxPOD_2_,Swarm Mission Specific Service,https://earth.esa.int/eogateway/documents/20142/1564626/Terms-and-Conditions-for-the-use-of-ESA-Data.pdf,2017,2017,,Antonio de la Fuente,,TRUE,TRUE,FALSE,FALSE,Delft University of Technology,European Space Agency,European Space Agency,en
SW_EFIx_LP_FP,Electric field instrument (EFI) faceplate (FP) plasma density at 16 Hz,0,D/EOP,Available,External Data,World Wide,"SW_EFIA_LP_FP, SW_EFIB_LP_FP, SW_EFIC_LP_FP",No,Swarm,https://swarmhandbook.earth.esa.int/catalogue/SW_EFIx_LP_FP,Swarm Mission Specific Service,https://earth.esa.int/eogateway/documents/20142/1564626/Terms-and-Conditions-for-the-use-of-ESA-Data.pdf,2017,2017,,Antonio de la Fuente,,TRUE,TRUE,FALSE,FALSE,Swedish Institute of Space Physics,European Space Agency,European Space Agency,en
SW_IBP_CLI_2_,Climatological model of ionospheric bubble probability,0,D/EOP,Available,External Data,World Wide,SW_IBP_CLI_2_,No,Swarm,https://swarmhandbook.earth.esa.int/catalogue/SW_IBP_CLI_2_,Swarm Mission Specific Service,https://earth.esa.int/eogateway/documents/20142/1564626/Terms-and-Conditions-for-the-use-of-ESA-Data.pdf,2023,2023,,Antonio de la Fuente,,TRUE,TRUE,FALSE,FALSE,Leibniz Institute of Atmospheric Physics,European Space Agency,European Space Agency,en
SW_SC_xDYN_1B,Auxiliary data needed for precise orbit determination and non-gravitational force modelling,0,D/EOP,Available,External Data,World Wide,"SW_SC_ADYN_1B, SW_SC_BDYN_1B, SW_SC_BDYN_1B",No,Swarm,https://swarmhandbook.earth.esa.int/catalogue/SW_SC_xDYN_1B,Swarm Mission Specific Service,https://earth.esa.int/eogateway/documents/20142/1564626/Terms-and-Conditions-for-the-use-of-ESA-Data.pdf,2013,2013,,Antonio de la Fuente,,TRUE,TRUE,FALSE,FALSE,Swarm PDGS,European Space Agency,European Space Agency,en
SW_EFIxTISH1B,Swarm Electric Field Instrument (EFI) Thermal Ion Imager (TII) Raw and Corrected Imagery and Spectra at High resolution (TISH),0,D/EOP,Available,External Data,World Wide,"SW_EFIATISH1B, SW_EFIBTISH1B, SW_EFICTISH1B",No,Swarm,https://swarmhandbook.earth.esa.int/catalogue/SW_EFIxTISH1B,Swarm Mission Specific Service,https://earth.esa.int/eogateway/documents/20142/1564626/Terms-and-Conditions-for-the-use-of-ESA-Data.pdf,2022,2022,,Antonio de la Fuente,,TRUE,TRUE,FALSE,FALSE,University of Calgary,European Space Agency,European Space Agency,en
SW_TECxTMS_2F,Ionospheric total electron content,0,D/EOP,Available,External Data,World Wide,"SW_TECATMS_2F, SW_TECBTMS_2F, SW_TECCTMS_2F",No,Swarm,https://swarmhandbook.earth.esa.int/catalogue/SW_TECxTMS_2F,Swarm Mission Specific Service,https://earth.esa.int/eogateway/documents/20142/1564626/Terms-and-Conditions-for-the-use-of-ESA-Data.pdf,2014,2014,,Antonio de la Fuente,,TRUE,TRUE,FALSE,FALSE,GFZ Helmholtz Centre for Geosciences,European Space Agency,European Space Agency,en
SW_MAGx_CA_1B,Magnetic vector and scalar data for monitoring and calibration purposes,0,D/EOP,Available,External Data,World Wide,"SW_MAGA_CA_1B, SW_MAGB_CA_1B, SW_MAGC_CA_1B",No,Swarm,https://swarmhandbook.earth.esa.int/catalogue/SW_MAGx_CA_1B,Swarm Mission Specific Service,https://earth.esa.int/eogateway/documents/20142/1564626/Terms-and-Conditions-for-the-use-of-ESA-Data.pdf,2013,2013,,Antonio de la Fuente,,TRUE,TRUE,FALSE,FALSE,Swarm PDGS,European Space Agency,European Space Agency,en
SW_TIX_TMS_2F,TEGIX: TEC-gradient ionosphere index,0,D/EOP,Available,External Data,World Wide,SW_TIX_TMS_2F,No,Swarm,https://swarmhandbook.earth.esa.int/catalogue/SW_TIX_TMS_2F,Swarm Mission Specific Service,https://earth.esa.int/eogateway/documents/20142/1564626/Terms-and-Conditions-for-the-use-of-ESA-Data.pdf,2025,2025,,Antonio de la Fuente,,TRUE,TRUE,FALSE,FALSE,Deutsches Zentrum für Luft- und Raumfahrt e. V. (DLR),European Space Agency,European Space Agency,en
SW_EFIxTISL1B,Swarm Electric Field Instrument (EFI) Thermal Ion Imager (TII) Raw and Corrected Imagery and Spectra at Low resolution (TISL),0,D/EOP,Available,External Data,World Wide,"SW_EFIATISL1B, SW_EFIBTISL1B, SW_EFICTISL1B",No,Swarm,https://swarmhandbook.earth.esa.int/catalogue/SW_EFIxTISL1B,Swarm Mission Specific Service,https://earth.esa.int/eogateway/documents/20142/1564626/Terms-and-Conditions-for-the-use-of-ESA-Data.pdf,2022,2022,,Antonio de la Fuente,,TRUE,TRUE,FALSE,FALSE,University of Calgary,European Space Agency,European Space Agency,en
SW_MCO_SHA_2X,CHAOS model: spherical harmonic model of the main (core) field and its temporal variation,0,D/EOP,Available,External Data,World Wide,SW_MCO_SHA_2X,No,Swarm,https://swarmhandbook.earth.esa.int/catalogue/SW_MCO_SHA_2X,Swarm Mission Specific Service,https://earth.esa.int/eogateway/documents/20142/1564626/Terms-and-Conditions-for-the-use-of-ESA-Data.pdf,2018,2018,,Antonio de la Fuente,,TRUE,TRUE,FALSE,FALSE,Technical University of Denmark,European Space Agency,European Space Agency,en
SW_MMA_SHA_2F,Timeseries of spherical harmonic expansion coefficients of the large-scale magnetospheric field as a fast-track product,0,D/EOP,Available,External Data,World Wide,SW_MMA_SHA_2F,No,Swarm,https://swarmhandbook.earth.esa.int/catalogue/SW_MMA_SHA_2F,Swarm Mission Specific Service,https://earth.esa.int/eogateway/documents/20142/1564626/Terms-and-Conditions-for-the-use-of-ESA-Data.pdf,2014,2014,,Antonio de la Fuente,,TRUE,TRUE,FALSE,FALSE,British Geological Survey,European Space Agency,European Space Agency,en
SW_VFMxAUX_1B,Spacecraft (S/C) magnetic stray fields and Sun induced stray field at VFM sensor position,0,D/EOP,Available,External Data,World Wide,"SW_VFMAAUX_1B, SW_VFMBAUX_1B, SW_VFMCAUX_1B",No,Swarm,https://swarmhandbook.earth.esa.int/catalogue/SW_VFMxAUX_1B,Swarm Mission Specific Service,https://earth.esa.int/eogateway/documents/20142/1564626/Terms-and-Conditions-for-the-use-of-ESA-Data.pdf,2013,2013,,Antonio de la Fuente,,TRUE,TRUE,FALSE,FALSE,Swarm PDGS,European Space Agency,European Space Agency,en
SW_NIX_TMS_2F,NEGIX: electron density gradient ionosphere index,0,D/EOP,Available,External Data,World Wide,SW_NIX_TMS_2F,No,Swarm,https://swarmhandbook.earth.esa.int/catalogue/SW_NIX_TMS_2F,Swarm Mission Specific Service,https://earth.esa.int/eogateway/documents/20142/1564626/Terms-and-Conditions-for-the-use-of-ESA-Data.pdf,2025,2025,,Antonio de la Fuente,,TRUE,TRUE,FALSE,FALSE,Deutsches Zentrum für Luft- und Raumfahrt e. V. (DLR),European Space Agency,European Space Agency,en
